feature,coef
Sigma0_RATIO_VH_VV,-220.6847595214464
Gamma0_RATIO_VH_VV,120.33702166599863
PC4,48.09361493459686
Alpha,33.66238177780283
