feature,coef
Sigma0_RATIO_VH_VV,-55.171189880361645
Gamma0_RATIO_VH_VV,30.084255416499698
PC4,12.023403733649287
Alpha,8.415595444450704
