feature,coef
Gamma0_RATIO_VH_VV,1368.90637577233
Sigma0_RATIO_VH_VV,-660.3727381803516
PC4,644.6264810711166
Alpha,-15.474285543567722
