,train,val
RMSE,388.9541470182859,394.2627140456904
MAE,303.1041353978377,333.2057529215335
R2,0.24734444898153207,0.09409565903495931
rRMSE(%),42.64655016294124,48.92987800813022
