,train,val
RMSE,1406.4941678956948,1088.0183264923426
MAE,952.4627345691533,828.3224805358325
R2,0.36371793978272826,-0.18890173871931037
rRMSE(%),61.46970245606338,62.477798825445674
