,train,val
RMSE,97.23853675457148,98.56567851142259
MAE,75.77603384945944,83.30143823038335
R2,0.24734444898153207,0.09409565903495942
rRMSE(%),42.646550162941246,48.92987800813021
