,train,val
RMSE,8.573333313101772,11.81823690664671
MAE,6.208818253341033,8.459720194300623
R2,0.7801176575769329,0.6727088281546412
rRMSE(%),36.09180864861873,47.38540126992651
