,train,val
RMSE,0.38275776397797734,0.44420111817516195
MAE,0.3069636858329997,0.32365500154478305
R2,0.8210890298752966,0.7899585768646205
rRMSE(%),13.863938653840192,15.922835752549792
