,train,val
RMSE,0.47355745119295534,0.9528056552879783
MAE,0.38142876740692433,0.6334175966008182
R2,0.6746931601115966,0.25891681275914413
rRMSE(%),13.906254939333703,28.184747813909667
