,train,val
RMSE,66.5904734856184,83.08465975146959
MAE,50.65666150699758,70.14755648433736
R2,0.6470252454320325,0.35631616849881154
rRMSE(%),29.205025730140104,41.24480577197356
