,train,val
RMSE,266.36189394247356,332.47255611984605
MAE,202.62664602799032,280.6656836144401
R2,0.6470252454320327,0.35579731430451655
rRMSE(%),29.205025730140093,41.26142552275446
