,train,val
RMSE,1383.1801166472806,971.2887573705914
MAE,811.4371847653186,701.8023380624339
R2,0.38463713887074524,0.05251953493389261
rRMSE(%),60.4507804967711,55.77478072456348
