feature,importance
Sigma0_RATIO_VH_VV,0.38010558254839355
PC4,0.3060796369498728
Gamma0_RATIO_VH_VV,0.25257058326373966
Alpha,0.061244197237994055
