feature,importance
Gamma0_RATIO_VH_VV,0.5275973071058291
PC4,0.34581297265173827
Sigma0_RATIO_VH_VV,0.07867522868728571
Alpha,0.047914491555146946
