feature,importance
Sigma0_RATIO_VH_VV,0.3794153024670496
PC4,0.305971210029604
Gamma0_RATIO_VH_VV,0.25336929026535215
Alpha,0.06124419723799429
