,train,val
RMSE,7.070893610334577,12.547456250165592
MAE,5.442553591273175,8.99339525781964
R2,0.8504317047954839,0.631073129259194
rRMSE(%),29.766874777741073,50.3092173585176
