,train,val
RMSE,0.3284005628346387,0.5293592128605635
MAE,0.26119515677693367,0.37492471021632895
R2,0.8682966752526726,0.7017045637236825
rRMSE(%),11.8950565749673,18.975413288252973
