,train,val
RMSE,0.45559438137504366,0.9747764221994759
MAE,0.3638159381344904,0.6506471360860844
R2,0.6989042918991255,0.22434545753664326
rRMSE(%),13.378760275799948,28.83466054400528
