feature,coef
Sigma0_RATIO_VH_VV,6.8136262348859145
Gamma0_RATIO_VH_VV,2.5066581387895597
