feature,coef
Sigma0_RATIO_VH_VV,0.22027083206050102
Gamma0_RATIO_VH_VV,0.17569081427618982
