feature,coef
Sigma0_RATIO_VH_VV,0.35260787701378293
Gamma0_RATIO_VH_VV,0.11680256374444162
