,train,val
RMSE,0.8316349452442439,0.9249952112902957
MAE,0.7163199285737488,0.7763487672883226
R2,0.15539351218728414,0.08919663580712123
rRMSE(%),30.122800758965994,33.15738348831116
