,train,val
RMSE,0.7883531938874485,1.0131042016658034
MAE,0.6483857104417027,0.7749977494864083
R2,0.09845064109481627,0.1621494843231298
rRMSE(%),23.150391718722716,29.968426692988814
