,train,val
RMSE,16.9159189768231,19.262648248595724
MAE,13.99742386464722,16.314296846189105
R2,0.14398351069209858,0.13051739816144425
rRMSE(%),71.2122214931305,77.23388217643567
