,train,val
RMSE,0.2746721542752153,0.5042074297299551
MAE,0.21551430071066727,0.386542730881033
R2,0.9078663619290935,0.7293773520690924
rRMSE(%),9.948950106754245,18.0738223302705
