,train,val
RMSE,6.050665577071749,12.738460525083498
MAE,4.4558749996631715,9.068187690346235
R2,0.8904790410471357,0.6197556241400558
rRMSE(%),25.471943785357112,51.0750519142766
