,train,val
RMSE,0.43324540846716303,0.9745556513240644
MAE,0.3531841726361095,0.66243541036433
R2,0.7277199739189786,0.2246967638192171
rRMSE(%),12.722471341677325,28.82812996621788
