,train,val
RMSE,976.0321872708165,957.1450664295775
MAE,615.0703289927521,716.5084702076988
R2,0.6935905981064212,0.07991262585247194
rRMSE(%),42.65670594911926,54.96260076789786
