,train,val
RMSE,253.69712338075675,329.02325328980527
MAE,195.13514611441795,281.7713113802513
R2,0.679793206115118,0.3690947943823878
rRMSE(%),27.81640761871781,40.833350635948314
