,train,val
RMSE,63.42428084518919,82.2558133224513
MAE,48.78378652860449,70.44282784506282
R2,0.679793206115118,0.3690947943823878
rRMSE(%),27.81640761871781,40.8333506359483
