,train,val
RMSE,1375.7011829252244,974.1628941281334
MAE,854.9812578562891,756.4840495637523
R2,0.39127375208165616,0.04690386709234706
rRMSE(%),60.12391968136422,55.939823659744036
