,train,val
RMSE,82.72496791318007,91.25269625737661
MAE,62.52106178825335,78.8680981874229
R2,0.4552557511688826,0.22353422094000663
rRMSE(%),36.28123799046451,45.29957448899374
