,train,val
RMSE,330.89987165272026,365.0107850295065
MAE,250.0842471530134,315.4723927496916
R2,0.4552557511688827,0.22353422094000652
rRMSE(%),36.28123799046451,45.29957448899375
